{"stat.drop.astralsorcery.blockmarble":1,"stat.drop.astralsorcery.blockstarlightinfuser":2,"stat.drop.exnihilocreatio.hammer_tconstruct":1,"stat.leaveGame":15,"stat.useItem.tconstruct.mattock":1,"stat.drop.uniquecrops.flywood_log":193,"stat.drop.ultimatecobblegen.grassgenerator":1,"stat.useItem.appliedenergistics2.wireless_access_point":1,"stat.swimOneCm":3388,"stat.drop.ultimatecobblegen.soulgenerator":1,"stat.drop.ultimatecobblegen.nethergenerator":1,"stat.drop.minecraft.cobblestone":1,"stat.drop.ultimatecobblegen.snowgenerator":1,"stat.drop.botania.root":1,"stat.useItem.appliedenergistics2.entropy_manipulator":3,"stat.drop.tconstruct.slime_boots":1,"stat.useItem.minecraft.stone_slab2":129,"stat.useItem.minecraft.water_bucket":2,"stat.drop.ultimatecobblegen.fungusgenerator":1,"stat.drop.ultimatecobblegen.icegenerator":1,"stat.drop.tconstruct.crossbow":1,"stat.flyOneCm":207846,"stat.timeSinceDeath":1607624,"stat.drop.minecraft.log":14,"stat.drop.uniquecrops.generic":1,"stat.drop.tconstruct.tooltables":5,"stat.drop.ultimatecobblegen.glowstonegenerator":1,"stat.drop.minecraft.dirt":5,"stat.useItem.uniquecrops.generic":9,"stat.drop.ultimatecobblegen.claygenerator":1,"stat.pickup.botania.manaresource":232,"stat.drop.minecraft.farmland":2,"stat.drop.minecraft.log2":2,"stat.drop.botania.petalblock":5,"stat.drop.appliedenergistics2.charged_staff":1,"stat.sprintOneCm":2382,"stat.drop.minecraft.furnace":1,"stat.drop.uniquecrops.emblem.weight":9,"stat.drop.exnihilocreatio.block_waterwheel":1,"stat.pickup.minecraft.fireworks":8,"stat.drop.minecraft.wooden_hoe":1,"stat.drop.minecraft.leaves":2,"stat.drop.minecraft.fireworks":8,"stat.drop.ultimatecobblegen.obsidiangenerator":1,"stat.drop":166,"stat.pickup.minecraft.egg":2,"stat.playOneMinute":1607624,"stat.useItem.tconstruct.crossbow":1,"stat.drop.tconstruct.mattock":1,"stat.drop.minecraft.chest":2,"stat.drop.astralsorcery.blockworldilluminator":1,"stat.diveOneCm":23214,"stat.chestOpened":23,"stat.drop.ultimatecobblegen.dirtgenerator":1,"stat.drop.ultimatecobblegen.dustgenerator":1,"stat.useItem.extendedcrafting.recipe_maker":4,"stat.drop.astralsorcery.itemcraftingcomponent":1,"stat.drop.minecraft.apple":1,"stat.jump":293,"stat.useItem.minecraft.wooden_hoe":1,"stat.fallOneCm":494,"stat.drop.minecraft.dye":2,"stat.drop.tconstruct.pattern":3,"stat.crouchOneCm":187119,"stat.pickup.minecraft.dirt":1,"stat.drop.appliedenergistics2.entropy_manipulator":1,"stat.useItem.uniquecrops.dyedbonemeal":18,"stat.pickup.astralsorcery.blockstarlightinfuser":1,"stat.drop.exnihilocreatio.block_grinder":1,"stat.drop.botania.specialflower":1,"stat.drop.tconstruct.slimesling":1,"stat.drop.ultimatecobblegen.cobblegenerator":1,"stat.drop.appliedenergistics2.wireless_access_point":64,"stat.drop.tconstruct.kama":1,"stat.drop.uniquecrops.emblem.melee":1,"stat.drop.ultimatecobblegen.sandgenerator":1,"stat.drop.astralsorcery.blocklens":1,"stat.drop.ultimatecobblegen.gravelgenerator":1,"stat.walkOneCm":21077,"stat.drop.botania.flower":1,"stat.drop.ultimatecobblegen.redstonegenerator":1,"stat.drop.tconstruct.bolt":1,"stat.useItem.minecraft.lava_bucket":1,"stat.drop.ultimatecobblegen.quartzgenerator":1,"stat.pickup.minecraft.log":8,"stat.drop.ultimatecobblegen.endgenerator":1,"stat.drop.minecraft.planks":2,"stat.drop.minecraft.sapling":2,"stat.drop.minecraft.egg":2,"stat.drop.botania.altar":1,"stat.drop.botania.pestleandmortar":1,"stat.drop.exnihilocreatio.block_axle_stone":1,"stat.drop.tconstruct.scythe":1,"stat.drop.botania.livingrock":1,"stat.sneakTime":53148,"stat.drop.slabmachines.furnace_slab":1,"stat.drop.minecraft.bucket":16,"stat.drop.botania.manaresource":230,"stat.drop.minecraft.grass":4}